{
  "0-p01-hero.jpg": {"tx": 0, "ty": 0, "r": 0, "sx": 1, "sy": 1, "kx": 0, "ky": 0},
  "1-p03-golden.jpg": {"tx": 0, "ty": 0, "r": 0, "sx": 1, "sy": 1, "kx": 0, "ky": 0},
  "2-p04-left.jpg": {"tx": 0, "ty": 0, "r": 0, "sx": 1, "sy": 1, "kx": 0, "ky": 0},
  "3-p04-mid.jpg": {"tx": 0, "ty": 0, "r": 0, "sx": 1, "sy": 1, "kx": 0, "ky": 0},
  "4-p04-right.jpg": {"tx": 0, "ty": 0, "r": 0, "sx": 1, "sy": 1, "kx": 0, "ky": 0},
  "5-p05-flowers.jpg": {"tx": 0, "ty": 0, "r": 0, "sx": 1, "sy": 1, "kx": 0, "ky": 0},
  "6-p06-bg.jpg": {
    "tx": 51.94921875,
    "ty": 40.5078125,
    "r": 0,
    "sx": 1.5429448098270555,
    "sy": 1.5429448098270555,
    "kx": 0,
    "ky": 0
  },
  "7-p06-inset.jpg": {
    "tx": 99.82421875,
    "ty": 169.34375,
    "r": 0,
    "sx": 0.9821291342792035,
    "sy": 0.9821291342792035,
    "kx": 0,
    "ky": 0
  },
  "8-p07-left.jpg": {
    "tx": -103.87890625,
    "ty": -30.21484375,
    "r": 0,
    "sx": 1.079897754302927,
    "sy": 1.079897754302927,
    "kx": 0,
    "ky": 0
  },
  "9-p07-right.jpg": {
    "tx": 0,
    "ty": 0,
    "r": 0,
    "sx": 0.6461430748535462,
    "sy": 0.6461430748535462,
    "kx": 0,
    "ky": 0
  },
  "10-p08-left.jpg": {"tx": 0, "ty": 0, "r": 0, "sx": 1, "sy": 1, "kx": 0, "ky": 0},
  "11-p08-right.jpg": {
    "tx": 0,
    "ty": 0,
    "r": 0,
    "sx": 0.6414992187288507,
    "sy": 0.6414992187288507,
    "kx": 0,
    "ky": 0
  },
  "12-p09-micro1.jpg": {
    "tx": 0,
    "ty": 0,
    "r": 0,
    "sx": 0.6849116593447591,
    "sy": 0.6849116593447591,
    "kx": 0,
    "ky": 0
  },
  "13-p10-a.jpg": {"tx": 0, "ty": 0, "r": 0, "sx": 1, "sy": 1, "kx": 0, "ky": 0},
  "14-p10-b.jpg": {"tx": 0, "ty": 0, "r": 0, "sx": 1, "sy": 1, "kx": 0, "ky": 0},
  "15-p10-c.jpg": {"tx": 0, "ty": 0, "r": 0, "sx": 1, "sy": 1, "kx": 0, "ky": 0},
  "16-p11-sheep.jpg": {
    "tx": 0,
    "ty": 0,
    "r": 0,
    "sx": 0.72862942483485,
    "sy": 0.72862942483485,
    "kx": 0,
    "ky": 0
  },
  "17-p12-a.jpg": {
    "tx": 0,
    "ty": 0,
    "r": 0,
    "sx": 0.8835999999999999,
    "sy": 0.8835999999999999,
    "kx": 0,
    "ky": 0
  },
  "18-p12-b.jpg": {
    "tx": 0,
    "ty": 0,
    "r": 0,
    "sx": 0.7751376859945215,
    "sy": 0.7751376859945215,
    "kx": 0,
    "ky": 0
  },
  "19-p12-c.jpg": {
    "tx": 0,
    "ty": 0,
    "r": 0,
    "sx": 0.864685189558127,
    "sy": 0.864685189558127,
    "kx": 0,
    "ky": 0
  },
  "20-p13-a.jpg": {
    "tx": -0.00390625,
    "ty": 3.921875,
    "r": 0,
    "sx": 0.7339040223999997,
    "sy": 0.7339040223999997,
    "kx": 0,
    "ky": 0
  },
  "21-p13-b.jpg": {
    "tx": -58.8046875,
    "ty": 11.81640625,
    "r": 0,
    "sx": 1.0017557650062134,
    "sy": 0.9216153038057157,
    "kx": 0,
    "ky": 0
  }
}
